"2019/10/31 00:34","19","19","23"
"2019/10/31 00:54","13","13","23"
"2019/10/31 01:14","18","18","23"
"2019/10/31 01:34","19","19","23"
"2019/10/31 01:54","19","19","23"
"2019/10/31 02:14","13","13","23"
"2019/10/31 02:35","23","23","23"
"2019/10/31 02:55","20","26","23"
"2019/10/31 03:15","16","22","23"
"2019/10/31 03:35","19","19","22"
"2019/10/31 03:55","19","19","22"
"2019/10/31 04:15","18","18","22"
"2019/10/31 04:35","26","32","22"
"2019/10/31 04:55","17","20","22"
"2019/10/31 05:16","22","22","22"
"2019/10/31 05:36","14","14","22"
"2019/10/31 05:56","14","14","22"
"2019/10/31 06:16","15","15","22"
"2019/10/31 06:36","21","21","22"
"2019/10/31 06:56","14","14","22"
"2019/10/31 07:16","14","19","22"
"2019/10/31 07:38","15","15","22"
"2019/10/31 07:58","11","11","22"
"2019/10/31 08:18","7","7","22"
"2019/10/31 08:38","5","5","21"
"2019/10/31 08:58","7","7","21"
"2019/10/31 09:19","12","12","21"
"2019/10/31 09:39","16","16","22"
"2019/10/31 09:59","20","20","22"
"2019/10/31 10:19","13","13","23"
"2019/10/31 10:39","6","6","24"
"2019/10/31 10:59","5","5","23"
"2019/10/31 11:19","6","6","23"
"2019/10/31 11:40","4","4","24"
"2019/10/31 12:00","2","2","26"
"2019/10/31 12:20","4","4","27"
"2019/10/31 12:40","7","7","26"
"2019/10/31 13:00","7","13","26"
"2019/10/31 13:20","8","9","26"
"2019/10/31 13:41","12","12","25"
"2019/10/31 14:01","18","19","26"
"2019/10/31 14:21","4","4","27"
"2019/10/31 14:41","11","11","24"
"2019/10/31 15:02","11","11","25"
"2019/10/31 15:22","10","10","26"
"2019/10/31 15:42","10","10","25"
"2019/10/31 16:02","14","14","25"
"2019/10/31 16:22","16","16","25"
"2019/10/31 16:42","16","16","25"
"2019/10/31 17:03","3","3","23"
"2019/10/31 17:23","24","29","23"
"2019/10/31 17:43","44","51","23"
"2019/10/31 18:03","30","30","23"
"2019/10/31 18:23","32","37","23"
"2019/10/31 18:43","10","10","22"
"2019/10/31 19:03","2","2","22"
"2019/10/31 19:23","9","9","21"
"2019/10/31 19:43","15","15","21"
"2019/10/31 20:03","10","10","21"
"2019/10/31 20:24","12","12","21"
"2019/10/31 20:44","9","9","21"
"2019/10/31 21:04","17","18","21"
"2019/10/31 21:24","18","18","21"
"2019/10/31 21:44","17","17","21"
"2019/10/31 22:04","32","38","21"
"2019/10/31 22:24","33","38","21"
"2019/10/31 22:44","35","44","21"
"2019/10/31 23:05","27","27","21"
"2019/10/31 23:25","28","28","21"
"2019/10/31 23:45","32","33","21"
"2019/11/01 00:05","27","27","21"
"2019/11/01 00:25","23","28","21"
"2019/11/01 00:45","14","14","22"
"2019/11/01 01:05","5","5","21"
"2019/11/01 01:25","4","4","20"
"2019/11/01 01:46","9","9","20"
"2019/11/01 02:06","19","19","21"
"2019/11/01 02:26","15","15","21"
"2019/11/01 02:46","13","17","21"
"2019/11/01 03:06","8","8","21"
"2019/11/01 03:26","11","11","21"
"2019/11/01 03:46","18","18","20"
"2019/11/01 04:06","12","17","20"
"2019/11/01 04:26","10","10","20"
"2019/11/01 04:47","20","20","20"
"2019/11/01 05:07","11","11","20"
"2019/11/01 05:27","7","7","20"
"2019/11/01 05:47","5","5","20"
"2019/11/01 06:07","5","5","20"
"2019/11/01 06:27","11","11","20"
"2019/11/01 06:47","14","14","20"
"2019/11/01 07:07","13","18","20"
"2019/11/01 07:28","11","11","21"
"2019/11/01 07:48","7","7","21"
"2019/11/01 08:08","12","12","21"
"2019/11/01 08:28","13","13","22"
"2019/11/01 08:48","10","10","22"
"2019/11/01 09:08","12","12","23"
"2019/11/01 09:28","8","8","23"
"2019/11/01 09:49","7","7","24"
"2019/11/01 10:09","4","17","24"
"2019/11/01 11:05","2","2","24"
"2019/11/01 11:06","2","2","24"
"2019/11/01 11:26","3","3","25"
"2019/11/01 11:46","2","2","25"
"2019/11/01 12:06","2","2","25"
"2019/11/01 12:26","1","1","25"
"2019/11/01 12:46","1","4","25"
"2019/11/01 13:07","7","7","25"
"2019/11/01 13:27","1","1","25"
"2019/11/01 13:47","3","3","25"
"2019/11/01 14:08","4","4","25"
"2019/11/01 14:28","4","4","25"
"2019/11/01 14:49","7","7","25"
"2019/11/01 15:10","3","3","25"
"2019/11/01 15:11","2","2","25"
"2019/11/01 15:31","4","4","25"
"2019/11/01 15:51","1","1","25"
"2019/11/01 16:11","4","4","24"
"2019/11/01 16:31","4","4","24"
"2019/11/01 16:51","9","9","24"
"2019/11/01 17:12","4","4","24"
"2019/11/01 17:32","7","7","24"
"2019/11/01 17:52","0","0","22"
"2019/11/01 18:12","17","17","22"
"2019/11/01 18:32","15","15","22"
"2019/11/01 18:53","16","16","22"
"2019/11/01 19:13","11","11","22"
"2019/11/01 19:33","4","4","22"
"2019/11/01 19:53","6","6","23"
"2019/11/01 20:13","6","6","22"
"2019/11/01 20:33","6","6","22"
"2019/11/01 20:53","9","9","22"
"2019/11/01 21:13","3","3","22"
"2019/11/01 21:33","5","5","21"
"2019/11/01 21:54","6","12","21"
"2019/11/01 22:14","8","8","22"
"2019/11/01 22:34","3","3","21"
"2019/11/01 22:54","6","6","22"
"2019/11/01 23:14","8","8","22"
"2019/11/01 23:34","2","2","21"
"2019/11/04 11:00","3","3","25"
"2019/11/04 11:20","2","2","25"
"2019/11/04 11:40","2","2","26"
"2019/11/04 11:41","3","3","26"
"2019/11/04 12:01","1","1","26"
"2019/11/04 12:22","1","1","26"
"2019/11/04 12:42","0","0","25"
"2019/11/04 13:02","1","1","25"
"2019/11/04 13:22","2","2","26"
"2019/11/04 13:43","1","1","27"
"2019/11/04 14:03","4","4","27"
"2019/11/04 14:23","3","3","27"
"2019/11/04 14:43","2","2","27"
"2019/11/04 15:03","4","4","26"
"2019/11/04 15:23","4","4","26"
"2019/11/04 15:43","4","5","26"
"2019/11/04 16:03","9","9","26"
"2019/11/04 16:23","8","8","25"
"2019/11/04 16:44","5","13","25"
"2019/11/04 17:04","1","1","25"
"2019/11/04 17:24","10","10","25"
"2019/11/04 17:44","15","15","24"
"2019/11/04 18:04","19","19","24"
"2019/11/04 18:24","17","17","24"
"2019/11/04 18:44","25","25","24"
"2019/11/04 19:04","21","21","24"
"2019/11/04 19:25","19","19","23"
"2019/11/04 19:45","23","23","24"
"2019/11/04 20:05","12","12","24"
"2019/11/04 20:25","18","18","23"
"2019/11/04 20:45","16","22","23"
"2019/11/04 21:05","10","10","23"
"2019/11/04 21:25","7","7","22"
"2019/11/04 21:45","11","11","23"
"2019/11/04 22:06","8","8","23"
"2019/11/04 22:26","16","17","22"
"2019/11/04 22:46","13","15","22"
"2019/11/04 23:06","13","13","22"
"2019/11/04 23:26","10","14","21"
"2019/11/04 23:46","11","11","22"
"2019/11/05 00:06","8","8","22"
"2019/11/05 00:26","9","9","21"
"2019/11/05 00:46","5","5","21"
"2019/11/05 01:07","5","5","21"
"2019/11/05 01:27","2","2","21"
"2019/11/05 01:47","10","10","21"
"2019/11/05 02:07","4","4","21"
"2019/11/05 02:27","3","3","21"
"2019/11/05 02:47","4","4","21"
"2019/11/05 03:07","5","5","21"
"2019/11/05 03:27","11","11","20"
"2019/11/05 03:47","9","9","20"
"2019/11/05 04:07","9","9","20"
"2019/11/05 04:28","14","14","20"
"2019/11/05 04:48","12","12","20"
"2019/11/05 05:08","6","6","20"
"2019/11/05 05:28","11","11","20"
"2019/11/05 05:48","12","12","20"
"2019/11/05 06:08","13","19","20"
"2019/11/05 06:28","16","17","21"
"2019/11/05 06:48","14","14","21"
"2019/11/05 07:08","7","7","21"
"2019/11/05 07:29","11","11","21"
"2019/11/05 07:49","12","12","22"
"2019/11/05 08:09","11","11","22"
"2019/11/05 08:29","11","15","22"
"2019/11/05 08:49","5","5","23"
"2019/11/05 09:09","7","7","23"
"2019/11/05 09:29","8","8","23"
"2019/11/05 09:49","7","7","24"
"2019/11/05 10:10","14","14","24"
"2019/11/05 10:30","3","3","24"
"2019/11/05 10:51","6","6","25"
"2019/11/05 11:11","2","2","25"
"2019/11/05 11:31","9","9","26"
"2019/11/05 11:51","6","6","26"
"2019/11/05 12:11","6","6","26"
"2019/11/05 12:31","0","0","26"
"2019/11/05 12:51","7","7","27"
"2019/11/05 13:11","3","3","27"
"2019/11/05 13:32","6","6","27"
"2019/11/05 13:52","3","3","27"
"2019/11/05 14:12","3","3","27"
"2019/11/05 14:32","3","3","27"
"2019/11/05 14:52","3","3","27"
"2019/11/05 15:12","6","6","26"
"2019/11/05 15:32","4","4","26"
"2019/11/05 15:52","2","2","26"
"2019/11/05 16:12","8","8","26"
"2019/11/05 16:32","3","3","25"
"2019/11/05 16:53","8","8","25"
"2019/11/05 17:14","6","6","25"
"2019/11/05 17:34","6","6","25"
"2019/11/05 17:54","9","9","25"
"2019/11/05 18:14","16","16","25"
"2019/11/05 18:34","10","10","24"
"2019/11/05 18:54","7","7","24"
"2019/11/05 19:14","6","6","24"
"2019/11/05 19:34","18","18","24"
"2019/11/05 19:54","18","18","24"
"2019/11/05 20:14","11","11","23"
"2019/11/05 20:35","12","12","23"
"2019/11/05 20:55","21","21","23"
"2019/11/05 21:15","20","20","22"
"2019/11/05 21:35","9","9","22"
"2019/11/05 21:55","8","11","22"
"2019/11/05 22:15","10","10","22"
"2019/11/05 22:35","9","9","22"
"2019/11/05 22:55","14","14","22"
"2019/11/05 23:15","19","22","21"
"2019/11/05 23:36","5","5","22"
"2019/11/05 23:56","5","5","22"
"2019/11/06 00:16","4","4","21"
"2019/11/06 00:36","4","4","21"
"2019/11/06 00:56","5","5","21"
"2019/11/06 01:16","2","2","21"
"2019/11/06 01:36","5","5","21"
"2019/11/06 01:56","2","2","21"
"2019/11/06 02:16","6","6","21"
"2019/11/06 02:36","2","2","21"
"2019/11/06 02:57","6","10","21"
"2019/11/06 03:17","5","5","21"
"2019/11/06 03:37","3","3","21"
"2019/11/06 03:57","2","2","20"
"2019/11/06 04:17","9","9","20"
"2019/11/06 04:37","4","4","20"
"2019/11/06 04:57","1","1","20"
"2019/11/06 05:17","7","7","20"
"2019/11/06 05:37","7","7","20"
"2019/11/06 05:57","3","3","20"
"2019/11/06 06:18","6","6","21"
"2019/11/06 06:38","8","8","20"
"2019/11/06 06:58","4","4","21"
"2019/11/06 07:18","4","4","21"
"2019/11/06 07:38","6","6","21"
"2019/11/06 07:58","5","5","22"
"2019/11/06 08:18","9","9","22"
"2019/11/06 08:38","1","1","23"
"2019/11/06 08:59","4","4","23"
"2019/11/06 09:19","5","11","23"
"2019/11/06 09:39","4","4","23"
"2019/11/06 09:59","4","10","24"
"2019/11/06 10:19","0","0","25"
"2019/11/06 10:39","2","2","25"
"2019/11/06 11:00","2","2","25"
"2019/11/06 11:20","4","4","25"
"2019/11/06 11:40","3","3","25"
"2019/11/06 12:01","2","2","26"
"2019/11/06 12:21","2","2","26"
"2019/11/06 12:41","1","7","26"
"2019/11/06 12:42","1","1","26"
"2019/11/06 13:02","7","7","27"
"2019/11/06 13:23","4","4","27"
"2019/11/06 13:43","5","5","27"
"2019/11/06 14:03","3","3","27"
"2019/11/06 14:23","4","4","27"
"2019/11/06 14:44","3","3","27"
"2019/11/06 14:45","4","4","27"
"2019/11/06 15:05","5","5","27"
"2019/11/06 15:25","5","5","26"
"2019/11/06 15:45","4","4","26"
"2019/11/06 16:05","5","5","26"
"2019/11/06 16:25","7","7","26"
"2019/11/06 16:45","3","3","25"
"2019/11/06 17:05","5","5","25"
"2019/11/06 17:25","6","12","25"
"2019/11/06 17:45","5","5","24"
"2019/11/06 18:05","4","4","24"
"2019/11/06 18:26","5","5","24"
"2019/11/06 18:46","3","3","24"
"2019/11/06 19:06","12","18","23"
"2019/11/06 19:26","5","5","24"
"2019/11/06 19:46","7","7","24"
"2019/11/06 20:06","6","6","24"
"2019/11/06 20:26","4","4","24"
"2019/11/06 20:46","6","6","23"
"2019/11/06 21:06","12","12","23"
"2019/11/06 21:27","7","7","23"
"2019/11/06 21:47","10","10","22"
"2019/11/06 22:07","7","7","22"
"2019/11/06 22:27","8","8","22"
"2019/11/06 22:47","5","5","22"
"2019/11/06 23:07","5","5","22"
"2019/11/06 23:27","8","9","22"
"2019/11/06 23:47","9","10","22"
"2019/11/07 00:07","2","2","22"
"2019/11/07 00:27","5","5","22"
"2019/11/07 00:48","9","9","22"
"2019/11/07 01:08","9","9","21"
"2019/11/07 01:28","10","10","21"
"2019/11/07 01:48","9","9","21"
"2019/11/07 02:08","2","2","21"
"2019/11/07 02:28","9","9","21"
"2019/11/07 02:48","6","6","21"
"2019/11/07 03:08","4","4","21"
"2019/11/07 03:28","5","5","21"
"2019/11/07 03:48","7","7","21"
"2019/11/07 04:09","8","10","21"
"2019/11/07 04:29","4","4","20"
"2019/11/07 04:49","7","7","20"
"2019/11/07 05:09","7","7","20"
"2019/11/07 05:29","5","5","20"
"2019/11/07 05:49","10","10","20"
"2019/11/07 06:09","7","7","20"
"2019/11/07 06:29","6","6","21"
"2019/11/07 06:50","4","4","21"
"2019/11/07 07:10","11","11","21"
"2019/11/07 07:30","10","10","21"
"2019/11/07 07:50","9","9","21"
"2019/11/07 08:10","12","12","22"
"2019/11/07 08:30","9","9","22"
"2019/11/07 08:50","6","6","23"
"2019/11/07 09:10","10","10","23"
"2019/11/07 09:30","6","6","23"
"2019/11/07 09:51","7","7","24"
"2019/11/07 10:11","8","10","25"
"2019/11/07 10:31","6","6","25"
"2019/11/07 10:52","5","5","25"
"2019/11/07 11:12","3","3","26"
"2019/11/07 11:33","4","4","26"
"2019/11/07 11:53","4","4","26"
"2019/11/07 12:13","3","3","26"
"2019/11/07 12:33","8","8","27"
"2019/11/07 12:53","6","6","27"
"2019/11/07 13:13","4","4","27"
"2019/11/07 13:34","5","5","27"
"2019/11/07 13:54","2","2","27"
"2019/11/07 14:14","6","6","27"
"2019/11/07 14:34","4","4","27"
"2019/11/07 14:54","1","1","27"
"2019/11/07 15:14","7","8","27"
"2019/11/07 15:34","7","10","26"
"2019/11/07 15:54","4","4","26"
"2019/11/07 16:14","7","7","26"
"2019/11/07 16:35","3","3","26"
"2019/11/07 16:55","2","2","26"
"2019/11/07 17:15","5","5","25"
"2019/11/07 17:35","5","5","25"
"2019/11/07 17:55","5","8","25"
"2019/11/07 18:15","14","14","25"
"2019/11/07 18:35","11","11","25"
"2019/11/07 18:55","9","14","24"
"2019/11/07 19:15","6","6","24"
"2019/11/07 19:35","17","23","24"
"2019/11/07 19:56","8","8","24"
"2019/11/07 20:16","8","8","24"
"2019/11/07 20:36","8","8","23"
"2019/11/07 20:56","9","9","23"
"2019/11/07 21:16","5","5","23"
"2019/11/07 21:36","4","4","22"
"2019/11/07 21:56","5","5","23"
"2019/11/07 22:16","7","7","22"
"2019/11/07 22:36","3","3","22"
"2019/11/07 22:57","6","6","22"
"2019/11/07 23:17","3","3","22"
"2019/11/07 23:37","4","4","22"
"2019/11/07 23:57","1","1","22"
"2019/11/08 00:17","3","3","22"
"2019/11/08 00:37","3","3","22"
"2019/11/08 00:57","1","1","22"
"2019/11/08 01:17","0","0","21"
"2019/11/08 01:37","3","3","22"
"2019/11/08 01:58","3","3","22"
"2019/11/08 02:18","0","0","21"
"2019/11/08 02:38","2","2","22"
"2019/11/08 02:58","3","3","21"
"2019/11/08 03:18","1","1","21"
"2019/11/08 03:38","0","0","21"
"2019/11/08 03:58","0","0","21"
"2019/11/08 04:18","2","2","21"
"2019/11/08 04:38","0","0","21"
"2019/11/08 04:58","6","6","21"
"2019/11/08 05:19","2","2","21"
"2019/11/08 05:39","1","1","21"
"2019/11/08 05:59","2","2","21"
"2019/11/08 06:19","0","0","21"
"2019/11/08 06:39","2","2","21"
"2019/11/08 06:59","4","4","21"
"2019/11/08 07:19","4","4","22"
"2019/11/08 07:39","2","2","22"
"2019/11/08 08:00","2","2","22"
"2019/11/08 08:20","6","6","23"
"2019/11/08 08:40","6","6","23"
"2019/11/08 09:00","5","5","23"
"2019/11/08 09:20","9","13","24"
"2019/11/08 09:40","9","9","24"
"2019/11/08 10:00","6","6","25"
"2019/11/08 10:20","6","9","25"
"2019/11/08 10:41","5","5","26"
"2019/11/08 11:01","2","2","26"
"2019/11/08 11:21","4","10","27"
"2019/11/08 11:41","0","0","27"
"2019/11/08 12:01","4","4","27"
"2019/11/08 12:22","4","4","27"
"2019/11/08 12:42","2","2","27"
"2019/11/08 13:02","3","3","27"
"2019/11/08 13:22","1","1","26"
"2019/11/08 13:42","4","4","27"
"2019/11/08 14:02","1","1","26"
"2019/11/08 14:22","1","1","26"
"2019/11/08 14:42","2","2","27"
"2019/11/08 15:02","1","1","27"
"2019/11/08 15:22","3","3","26"
"2019/11/08 15:43","1","1","25"
"2019/11/08 16:03","4","4","25"
"2019/11/08 16:23","5","5","25"
"2019/11/08 16:43","0","0","25"
"2019/11/08 17:03","0","0","24"
"2019/11/08 17:23","3","3","24"
"2019/11/08 17:43","5","5","24"
"2019/11/08 18:03","2","3","23"
"2019/11/08 18:23","6","6","23"
"2019/11/08 18:43","0","0","23"
"2019/11/08 19:04","5","5","23"
"2019/11/08 19:24","6","6","23"
"2019/11/08 19:44","5","5","23"
"2019/11/08 20:04","1","1","22"
"2019/11/08 20:24","2","2","22"
"2019/11/08 20:44","2","2","22"
"2019/11/08 21:04","1","1","23"
"2019/11/08 21:24","2","2","23"
"2019/11/08 21:44","2","2","22"
"2019/11/08 22:04","1","1","22"
"2019/11/08 22:25","0","0","22"
"2019/11/08 22:45","0","0","22"
"2019/11/08 23:05","7","7","22"
"2019/11/08 23:25","2","2","22"
"2019/11/08 23:45","2","2","21"
"2019/11/09 00:05","1","1","22"
"2019/11/09 00:25","1","1","22"
"2019/11/09 00:45","0","0","22"
"2019/11/09 01:05","1","1","21"
"2019/11/09 01:26","0","0","22"
"2019/11/09 01:46","3","3","22"
"2019/11/09 02:06","2","2","22"
"2019/11/09 02:26","3","3","22"
"2019/11/09 02:46","4","4","21"
"2019/11/09 03:06","0","0","21"
"2019/11/09 03:26","0","0","21"
"2019/11/09 03:46","3","3","21"
"2019/11/09 04:06","0","0","21"
"2019/11/09 04:26","4","4","21"
"2019/11/09 04:47","2","2","21"
"2019/11/09 05:07","2","2","21"
"2019/11/09 05:27","5","5","21"
"2019/11/09 05:47","1","1","21"
"2019/11/09 06:07","4","9","21"
"2019/11/09 06:27","1","1","21"
"2019/11/09 06:47","3","3","22"
"2019/11/09 07:07","3","4","22"
"2019/11/09 07:27","2","2","22"
"2019/11/09 07:48","7","7","22"
"2019/11/09 08:08","3","3","22"
"2019/11/09 08:28","3","9","23"
"2019/11/09 08:48","5","5","23"
"2019/11/09 09:08","6","6","24"
"2019/11/09 09:28","1","1","24"
"2019/11/09 09:48","5","5","24"
"2019/11/09 10:08","2","2","25"
"2019/11/09 10:28","2","2","25"
"2019/11/09 10:49","1","1","25"
"2019/11/09 11:09","5","5","26"
"2019/11/09 11:29","0","0","26"
"2019/11/09 11:49","4","4","26"
"2019/11/09 12:09","2","2","26"
"2019/11/09 12:29","6","6","26"
"2019/11/09 12:49","6","6","27"
"2019/11/09 13:09","4","4","27"
"2019/11/09 13:29","3","3","27"
"2019/11/09 13:50","11","11","27"
"2019/11/09 14:10","7","7","27"
"2019/11/09 14:30","1","1","27"
"2019/11/09 14:50","3","3","26"
"2019/11/09 15:10","3","3","26"
"2019/11/09 15:30","10","15","26"
"2019/11/09 15:50","5","10","26"
"2019/11/09 16:10","7","7","25"
"2019/11/09 16:30","7","7","25"
"2019/11/09 16:50","4","4","24"
"2019/11/09 17:11","6","6","24"
"2019/11/09 17:31","3","3","24"
"2019/11/09 17:51","8","8","24"
"2019/11/09 18:11","8","13","24"
"2019/11/09 18:31","5","5","24"
"2019/11/09 18:51","4","4","24"
"2019/11/09 19:11","6","9","24"
"2019/11/09 19:31","11","11","24"
"2019/11/09 19:51","2","2","23"
"2019/11/09 20:11","5","9","23"
"2019/11/09 20:32","5","10","24"
"2019/11/09 20:52","5","5","24"
"2019/11/09 21:12","2","2","24"
"2019/11/09 21:32","2","2","23"
"2019/11/09 21:52","5","5","24"
"2019/11/09 22:12","3","3","23"
"2019/11/09 22:32","3","3","23"
"2019/11/09 22:52","3","3","24"
"2019/11/09 23:12","0","0","24"
"2019/11/09 23:33","6","6","23"
"2019/11/09 23:53","4","4","23"
"2019/11/10 00:13","1","1","23"
"2019/11/10 00:33","7","7","23"
"2019/11/10 00:53","4","4","23"
"2019/11/10 01:13","4","4","23"
"2019/11/10 01:33","0","0","22"
"2019/11/10 01:53","2","2","22"
"2019/11/10 02:13","5","5","22"
"2019/11/10 02:33","3","3","22"
"2019/11/10 02:53","2","2","22"
"2019/11/10 03:14","3","3","22"
"2019/11/10 03:34","4","4","22"
"2019/11/10 03:54","1","1","21"
"2019/11/10 04:14","4","4","21"
"2019/11/10 04:34","2","2","21"
"2019/11/10 04:54","4","4","21"
"2019/11/10 05:14","1","1","21"
"2019/11/10 05:34","5","5","21"
"2019/11/10 05:54","1","1","21"
"2019/11/10 06:14","5","5","21"
"2019/11/10 06:35","5","5","22"
"2019/11/10 06:55","8","8","22"
"2019/11/10 07:15","2","2","21"
"2019/11/10 07:35","6","6","22"
"2019/11/10 07:55","4","4","23"
"2019/11/10 08:15","11","13","23"
"2019/11/10 08:35","4","4","23"
"2019/11/10 08:55","4","4","23"
"2019/11/10 09:15","9","9","24"
"2019/11/10 09:36","8","8","24"
"2019/11/10 09:56","11","11","25"
"2019/11/10 10:16","9","9","25"
"2019/11/10 10:36","3","3","26"
"2019/11/10 10:56","4","4","26"
"2019/11/10 11:16","5","10","26"
"2019/11/10 11:36","5","5","26"
"2019/11/10 11:56","10","10","26"
"2019/11/10 12:16","11","11","27"
"2019/11/10 12:36","7","7","26"
"2019/11/10 12:57","5","5","27"
"2019/11/10 13:17","6","6","26"
"2019/11/10 13:37","8","8","26"
"2019/11/10 13:57","2","2","26"
"2019/11/10 14:17","6","6","26"
"2019/11/10 14:37","2","2","27"
"2019/11/10 14:57","5","5","26"
"2019/11/10 15:17","7","7","26"
"2019/11/10 15:37","7","7","26"
"2019/11/10 15:57","7","7","25"
"2019/11/10 16:18","4","4","25"
"2019/11/10 16:38","14","14","25"
"2019/11/10 16:58","7","7","25"
"2019/11/10 17:18","10","10","24"
"2019/11/10 17:38","6","6","24"
"2019/11/10 17:58","7","7","24"
"2019/11/10 18:18","10","10","24"
"2019/11/10 18:38","7","7","23"
"2019/11/10 18:58","3","3","24"
"2019/11/10 19:18","4","4","23"
"2019/11/10 19:39","2","2","23"
"2019/11/10 19:59","4","4","23"
"2019/11/10 20:20","7","13","23"
"2019/11/10 20:40","9","9","23"
"2019/11/10 21:00","9","26","23"
"2019/11/10 21:21","5","5","22"
"2019/11/10 21:41","4","4","22"
"2019/11/10 22:01","12","12","22"
"2019/11/10 22:21","5","5","22"
"2019/11/10 22:41","6","6","22"
"2019/11/10 23:01","4","4","23"
"2019/11/10 23:21","8","8","22"
"2019/11/10 23:41","7","7","22"
"2019/11/11 00:01","10","10","22"
"2019/11/11 00:21","7","7","22"
"2019/11/11 00:42","12","16","22"
"2019/11/11 01:02","11","11","22"
"2019/11/11 01:22","6","6","20"
"2019/11/11 01:42","12","12","21"
"2019/11/11 02:02","3","3","20"
"2019/11/11 02:22","8","14","21"
"2019/11/11 02:42","4","8","21"
"2019/11/11 03:02","6","6","21"
"2019/11/11 03:22","4","4","21"
"2019/11/11 03:42","6","6","21"
"2019/11/11 04:03","14","14","21"
"2019/11/11 04:23","4","4","21"
"2019/11/11 04:43","11","11","21"
"2019/11/11 05:03","8","14","21"
"2019/11/11 05:23","6","6","21"
"2019/11/11 05:43","8","8","21"
"2019/11/11 06:03","13","13","21"
"2019/11/11 06:23","9","9","21"
"2019/11/11 06:43","10","10","21"
"2019/11/11 07:04","8","8","21"
"2019/11/11 07:24","5","5","22"
"2019/11/11 07:44","12","12","22"
"2019/11/11 08:04","10","10","22"
"2019/11/11 08:24","7","11","23"
"2019/11/11 08:44","7","7","23"
"2019/11/11 09:04","3","3","24"
"2019/11/11 09:05","5","5","24"
"2019/11/11 09:25","12","12","25"
"2019/11/11 09:45","7","7","25"
"2019/11/11 10:06","5","5","26"
"2019/11/11 10:26","2","2","26"
"2019/11/11 10:46","1","1","26"
"2019/11/11 11:06","2","2","27"
"2019/11/11 11:26","3","3","27"
"2019/11/11 11:46","5","5","27"
"2019/11/11 12:06","11","11","27"
"2019/11/11 12:26","1","1","27"
"2019/11/11 12:47","4","8","26"
"2019/11/11 13:07","5","5","27"
"2019/11/11 13:27","2","2","26"
"2019/11/11 13:47","4","4","27"
"2019/11/11 14:07","4","4","26"
"2019/11/11 14:27","8","8","27"
"2019/11/11 14:47","18","18","26"
"2019/11/11 15:08","25","25","26"
"2019/11/11 15:29","15","15","26"
"2019/11/11 15:49","16","16","24"
"2019/11/11 16:09","18","18","24"
"2019/11/11 16:30","10","10","23"
"2019/11/11 16:50","11","11","23"
"2019/11/11 17:10","13","13","23"
"2019/11/11 17:30","31","36","23"
"2019/11/11 17:50","18","18","22"
"2019/11/11 18:10","17","17","23"
"2019/11/11 18:30","35","41","23"
"2019/11/11 18:50","10","10","23"
"2019/11/11 19:10","17","27","22"
"2019/11/11 19:31","12","12","22"
"2019/11/11 19:51","17","17","22"
"2019/11/11 20:11","17","17","22"
"2019/11/11 20:31","23","26","21"
"2019/11/11 20:51","17","17","22"
"2019/11/11 21:11","15","21","22"
"2019/11/11 21:31","9","9","22"
"2019/11/11 21:51","16","16","22"
"2019/11/11 22:12","18","18","22"
"2019/11/11 22:32","9","9","22"
"2019/11/11 22:52","9","9","22"
"2019/11/11 23:12","12","12","21"
"2019/11/11 23:32","11","11","22"
"2019/11/11 23:52","17","17","21"
"2019/11/12 00:12","8","8","21"
"2019/11/12 00:32","9","9","21"
"2019/11/12 00:52","18","18","21"
"2019/11/12 01:13","16","16","21"
"2019/11/12 01:33","15","15","21"
"2019/11/12 01:53","6","6","21"
"2019/11/12 02:13","10","10","21"
"2019/11/12 02:33","2","2","21"
"2019/11/12 02:53","6","6","21"
"2019/11/12 03:13","9","9","20"
"2019/11/12 03:33","1","1","20"
"2019/11/12 03:53","6","6","20"
"2019/11/12 04:13","7","13","20"
"2019/11/12 04:34","10","10","20"
"2019/11/12 04:54","11","11","20"
"2019/11/12 05:14","6","6","20"
"2019/11/12 05:34","14","14","20"
"2019/11/12 05:54","12","12","20"
"2019/11/12 06:14","7","7","20"
"2019/11/12 06:34","14","19","20"
"2019/11/12 06:54","10","10","21"
"2019/11/12 07:14","13","13","21"
"2019/11/12 07:35","5","5","21"
"2019/11/12 07:55","9","9","22"
"2019/11/12 08:16","6","6","22"
"2019/11/12 08:36","3","3","22"
"2019/11/12 08:56","13","13","22"
"2019/11/12 09:16","17","17","23"
"2019/11/12 09:36","10","10","23"
"2019/11/12 09:56","7","7","24"
"2019/11/12 10:16","9","9","24"
"2019/11/12 10:37","15","15","24"
"2019/11/12 10:57","6","6","25"
"2019/11/12 11:17","19","19","26"
"2019/11/12 11:38","8","8","26"
"2019/11/12 11:58","6","6","26"
"2019/11/12 12:18","9","9","26"
"2019/11/12 12:38","6","6","25"
"2019/11/12 12:58","6","6","25"
"2019/11/12 13:18","3","3","26"
"2019/11/12 13:38","5","5","26"
"2019/11/12 13:58","7","7","26"
"2019/11/12 14:18","8","9","25"
"2019/11/12 14:39","8","8","25"
"2019/11/12 14:59","2","2","25"
"2019/11/12 15:20","5","5","25"
"2019/11/12 15:40","5","5","25"
"2019/11/12 16:00","4","4","25"
"2019/11/12 16:20","9","9","25"
"2019/11/12 16:40","5","5","24"
"2019/11/12 17:01","4","4","24"
"2019/11/12 17:21","7","7","24"
"2019/11/12 17:41","3","3","24"
"2019/11/12 18:01","5","5","23"
"2019/11/12 18:21","13","13","23"
"2019/11/12 18:41","14","14","22"
"2019/11/12 19:01","17","17","23"
"2019/11/12 19:21","33","35","22"
"2019/11/12 19:42","11","17","22"
"2019/11/12 20:02","16","16","22"
"2019/11/12 20:22","2","2","22"
"2019/11/12 20:42","7","7","22"
"2019/11/12 21:02","8","8","21"
"2019/11/12 21:22","8","8","21"
"2019/11/12 21:42","7","7","21"
"2019/11/12 22:02","5","5","21"
"2019/11/12 22:22","6","6","21"
"2019/11/12 22:43","9","9","22"
"2019/11/12 23:03","6","6","22"
"2019/11/12 23:23","8","8","21"
"2019/11/12 23:43","15","15","21"
"2019/11/13 00:03","10","10","21"
"2019/11/13 00:23","15","15","21"
"2019/11/13 00:43","14","14","21"
"2019/11/13 01:03","11","11","22"
"2019/11/13 01:23","16","21","21"
"2019/11/13 01:43","17","29","21"
"2019/11/13 02:04","24","30","21"
"2019/11/13 02:24","14","14","21"
"2019/11/13 02:44","18","24","21"
"2019/11/13 03:04","26","26","21"
"2019/11/13 03:24","6","6","21"
"2019/11/13 03:44","24","24","21"
"2019/11/13 04:04","27","49","21"
"2019/11/13 04:24","24","24","21"
"2019/11/13 04:44","32","39","21"
"2019/11/13 05:05","20","20","21"
"2019/11/13 05:25","16","16","21"
"2019/11/13 05:45","25","31","20"
"2019/11/13 06:05","19","25","21"
"2019/11/13 06:25","29","34","21"
"2019/11/13 06:45","21","21","21"
"2019/11/13 07:05","24","29","21"
"2019/11/13 07:25","15","15","21"
"2019/11/13 07:45","27","33","21"
"2019/11/13 07:47","32","33","21"
"2019/11/13 08:06","24","24","22"
"2019/11/13 08:27","32","48","22"
"2019/11/13 08:47","33","38","22"
"2019/11/13 09:07","40","50","22"
"2019/11/13 09:27","29","29","22"
"2019/11/13 09:47","24","24","23"
"2019/11/13 10:07","30","31","24"
"2019/11/13 10:27","24","24","24"
"2019/11/13 10:47","15","21","24"
"2019/11/13 11:07","24","24","24"
"2019/11/13 11:28","21","26","25"
"2019/11/13 11:48","13","13","25"
"2019/11/13 12:08","16","22","25"
"2019/11/13 12:28","21","21","25"
"2019/11/13 12:48","18","46","25"
"2019/11/13 13:09","18","18","25"
"2019/11/13 13:29","21","27","25"
"2019/11/13 13:49","7","7","25"
"2019/11/13 14:09","16","16","26"
"2019/11/13 14:29","16","24","25"
"2019/11/13 14:49","17","17","26"
"2019/11/13 15:10","21","21","25"
"2019/11/13 15:30","9","9","25"
"2019/11/13 15:50","27","35","25"
"2019/11/13 16:10","15","15","24"
"2019/11/13 16:30","28","28","24"
"2019/11/13 16:50","11","17","23"
"2019/11/13 17:10","26","26","23"
"2019/11/13 17:30","32","34","23"
"2019/11/13 17:50","24","24","22"
"2019/11/13 18:10","35","39","22"
"2019/11/13 18:31","30","31","22"
"2019/11/13 18:51","30","31","22"
"2019/11/13 19:11","31","38","22"
"2019/11/13 19:31","27","27","22"
"2019/11/13 19:51","21","27","22"
"2019/11/13 20:11","18","18","21"
"2019/11/13 20:31","22","22","21"
"2019/11/13 20:51","32","33","21"
"2019/11/13 21:11","26","26","21"
"2019/11/13 21:32","33","35","21"
"2019/11/13 21:52","34","37","21"
"2019/11/13 22:12","31","37","21"
"2019/11/13 22:32","26","26","21"
"2019/11/13 22:52","31","36","21"
"2019/11/13 23:12","21","24","21"
"2019/11/13 23:32","36","41","21"
"2019/11/13 23:52","25","25","20"
"2019/11/14 00:12","23","23","21"
"2019/11/14 00:32","23","29","21"
"2019/11/14 00:53","35","38","20"
"2019/11/14 01:13","32","37","21"
"2019/11/14 01:33","36","40","21"
"2019/11/14 01:53","23","23","21"
"2019/11/14 02:13","30","30","21"
"2019/11/14 02:33","30","30","21"
"2019/11/14 02:53","24","24","21"
"2019/11/14 03:13","28","28","21"
"2019/11/14 03:33","21","21","20"
"2019/11/14 03:53","15","15","21"
"2019/11/14 04:14","18","18","20"
"2019/11/14 04:34","16","16","20"
"2019/11/14 04:54","24","24","20"
"2019/11/14 05:14","15","15","20"
"2019/11/14 05:34","18","18","20"
"2019/11/14 05:54","13","13","20"
"2019/11/14 06:14","22","22","20"
"2019/11/14 06:34","27","27","20"
"2019/11/14 06:55","18","18","20"
"2019/11/14 07:15","28","28","20"
"2019/11/14 07:35","24","24","21"
"2019/11/14 07:55","18","18","21"
"2019/11/14 08:15","16","16","21"
"2019/11/14 08:35","12","12","21"
"2019/11/14 08:55","11","11","21"
"2019/11/14 09:15","30","30","22"
"2019/11/14 09:36","13","13","22"
"2019/11/14 09:56","30","30","23"
"2019/11/14 10:16","26","29","24"
"2019/11/14 10:36","19","19","24"
"2019/11/14 10:56","13","13","24"
"2019/11/14 11:16","18","24","24"
"2019/11/14 11:36","13","13","25"
"2019/11/14 11:56","23","23","24"
"2019/11/14 12:16","21","21","25"
"2019/11/14 12:37","14","14","24"
"2019/11/14 12:57","26","26","24"
"2019/11/14 13:17","23","27","24"
"2019/11/14 13:37","30","31","24"
"2019/11/14 13:57","30","36","24"
"2019/11/14 14:17","26","26","24"
"2019/11/14 14:37","30","34","24"
"2019/11/14 14:57","24","24","24"
"2019/11/14 15:17","26","26","24"
"2019/11/14 15:38","30","36","24"
"2019/11/14 15:58","32","36","24"
"2019/11/14 16:18","27","27","24"
"2019/11/14 16:38","25","28","23"
"2019/11/14 16:58","14","14","23"
"2019/11/14 17:18","32","40","23"
"2019/11/14 17:38","35","44","23"
"2019/11/14 17:58","36","41","22"
"2019/11/14 18:18","37","43","22"
"2019/11/14 18:39","36","45","22"
"2019/11/14 18:59","38","44","22"
"2019/11/14 19:19","33","41","22"
"2019/11/14 19:39","24","24","21"
"2019/11/14 19:59","24","24","21"
"2019/11/14 20:19","33","42","22"
"2019/11/14 20:39","40","53","21"
"2019/11/14 20:59","38","47","21"
"2019/11/14 21:19","30","30","21"
"2019/11/14 21:39","22","30","21"
"2019/11/14 22:00","30","31","21"
"2019/11/14 22:20","38","46","21"
"2019/11/14 22:40","32","33","21"
"2019/11/14 23:00","22","27","21"
"2019/11/14 23:20","20","20","21"
"2019/11/14 23:40","26","26","21"
"2019/11/15 00:00","27","30","21"
"2019/11/15 00:20","30","33","21"
"2019/11/15 00:40","41","52","21"
"2019/11/15 01:00","39","49","21"
"2019/11/15 01:21","39","45","21"
"2019/11/15 01:41","40","49","21"
"2019/11/15 02:01","34","37","21"
"2019/11/15 02:21","30","31","21"
"2019/11/15 02:41","38","44","21"
"2019/11/15 03:01","45","62","21"
"2019/11/15 03:21","41","50","21"
"2019/11/15 03:41","33","40","21"
"2019/11/15 04:01","39","45","22"
"2019/11/15 04:22","36","40","21"
"2019/11/15 04:42","30","46","21"
"2019/11/15 05:02","26","32","21"
"2019/11/15 05:22","33","38","21"
"2019/11/15 05:42","31","32","21"
"2019/11/15 06:02","29","29","21"
"2019/11/15 06:22","23","23","21"
"2019/11/15 06:43","32","34","21"
"2019/11/15 07:03","32","33","21"
"2019/11/15 07:23","17","17","21"
"2019/11/15 07:44","28","31","22"
"2019/11/15 08:04","18","18","22"
"2019/11/15 08:24","19","19","22"
"2019/11/15 08:44","17","17","22"
"2019/11/15 09:04","14","14","23"
"2019/11/15 09:24","14","14","23"
"2019/11/15 09:44","13","13","23"
"2019/11/15 10:05","21","27","23"
"2019/11/15 10:06","11","11","23"
"2019/11/15 10:26","16","16","23"
"2019/11/15 10:46","29","29","24"
"2019/11/15 11:06","29","29","24"
"2019/11/15 11:26","14","14","24"
"2019/11/15 11:46","21","27","24"
"2019/11/15 12:06","18","18","24"
"2019/11/15 12:26","24","24","24"
"2019/11/15 12:46","20","20","25"
"2019/11/15 13:07","22","22","25"
"2019/11/15 13:27","22","22","26"
"2019/11/15 13:47","16","16","26"
"2019/11/15 14:07","14","14","25"
"2019/11/15 14:27","27","33","25"
"2019/11/15 14:47","21","21","25"
"2019/11/15 15:07","21","21","25"
"2019/11/15 15:28","26","26","25"
"2019/11/15 15:48","33","35","25"
"2019/11/15 16:08","30","30","24"
"2019/11/15 16:28","31","36","23"
"2019/11/15 16:48","13","13","22"
"2019/11/15 17:08","24","24","22"
"2019/11/15 17:28","18","25","22"
"2019/11/15 17:48","48","62","22"
"2019/11/15 18:08","32","34","22"
"2019/11/15 18:28","43","58","22"
"2019/11/15 18:49","33","36","22"
"2019/11/15 19:09","42","49","22"
"2019/11/15 19:29","36","40","21"
"2019/11/15 19:49","26","26","22"
"2019/11/15 20:09","13","13","22"
"2019/11/15 20:29","30","30","21"
"2019/11/15 20:49","17","17","22"
"2019/11/15 21:09","19","19","21"
"2019/11/15 21:29","17","17","21"
"2019/11/15 21:50","17","22","21"
"2019/11/15 22:10","37","47","21"
"2019/11/15 22:30","30","31","22"
"2019/11/15 22:50","12","18","22"
"2019/11/15 23:10","12","12","21"
"2019/11/15 23:30","9","9","21"
"2019/11/15 23:50","7","7","21"
"2019/11/16 00:10","10","10","21"
"2019/11/16 00:30","4","4","21"
"2019/11/16 00:51","5","5","21"
"2019/11/16 01:11","15","15","21"
"2019/11/16 01:31","19","25","21"
"2019/11/16 01:51","17","17","21"
"2019/11/16 02:11","18","18","21"
"2019/11/16 02:31","17","22","20"
"2019/11/16 02:51","10","10","21"
"2019/11/16 03:11","15","23","20"
"2019/11/16 03:31","8","8","21"
"2019/11/16 03:52","9","12","21"
"2019/11/16 04:12","4","4","21"
"2019/11/16 04:32","11","11","20"
"2019/11/16 04:52","11","11","20"
"2019/11/16 05:12","16","19","20"
"2019/11/16 05:32","10","10","20"
"2019/11/16 05:52","16","16","21"
"2019/11/16 06:12","17","17","21"
"2019/11/16 06:32","17","17","21"
"2019/11/16 06:53","13","19","21"
"2019/11/16 07:13","7","7","21"
"2019/11/16 07:33","14","14","22"
"2019/11/16 07:53","7","10","22"
"2019/11/16 08:13","9","9","22"
"2019/11/16 08:33","26","26","23"
"2019/11/16 08:53","11","11","23"
"2019/11/16 09:13","7","7","24"
"2019/11/16 09:33","4","4","24"
"2019/11/16 09:54","7","7","24"
"2019/11/16 10:14","3","3","24"
"2019/11/16 10:34","4","4","25"
"2019/11/16 10:54","6","6","24"
"2019/11/16 11:14","4","4","25"
"2019/11/16 11:34","5","5","25"
"2019/11/16 11:54","4","4","25"
"2019/11/16 12:14","9","9","25"
"2019/11/16 12:35","3","3","26"
"2019/11/16 12:55","3","3","25"
"2019/11/16 13:15","9","9","25"
"2019/11/16 13:35","3","3","25"
"2019/11/16 13:55","8","8","25"
"2019/11/16 14:15","0","0","25"
"2019/11/16 14:35","1","1","25"
"2019/11/16 14:55","4","4","25"
"2019/11/16 15:15","1","1","25"
"2019/11/16 15:36","0","0","25"
"2019/11/16 15:56","0","0","25"
"2019/11/16 16:16","0","0","24"
"2019/11/16 16:36","17","17","25"
"2019/11/16 16:56","7","7","24"
"2019/11/16 17:16","5","5","24"
"2019/11/16 17:36","6","6","23"
"2019/11/16 17:56","6","6","23"
"2019/11/16 18:16","0","0","23"
"2019/11/16 18:37","1","1","23"
"2019/11/16 18:57","9","9","23"
"2019/11/16 19:17","0","0","23"
"2019/11/16 19:37","2","2","23"
"2019/11/16 19:57","5","5","22"
"2019/11/16 20:17","2","2","22"
"2019/11/16 20:37","1","1","22"
"2019/11/16 20:57","2","2","22"
"2019/11/16 21:17","0","0","22"
"2019/11/16 21:38","2","2","22"
"2019/11/16 21:58","2","2","21"
"2019/11/16 22:18","3","3","22"
"2019/11/16 22:38","1","1","21"
"2019/11/16 22:58","0","0","21"
"2019/11/16 23:18","4","4","20"
"2019/11/16 23:38","3","3","20"
"2019/11/16 23:58","1","1","21"
"2019/11/17 00:18","0","0","21"
"2019/11/17 00:39","1","1","21"
"2019/11/17 00:59","2","2","21"
"2019/11/17 01:19","1","1","21"
"2019/11/17 01:39","2","2","21"
"2019/11/17 01:59","2","2","20"
"2019/11/17 02:19","3","3","20"
"2019/11/17 02:39","0","0","20"
"2019/11/17 02:59","1","1","20"
"2019/11/17 03:19","0","0","20"
"2019/11/17 03:39","5","5","20"
"2019/11/17 04:00","3","3","20"
"2019/11/17 04:20","1","1","20"
"2019/11/17 04:40","2","2","20"
"2019/11/17 05:00","3","3","20"
"2019/11/17 05:20","3","3","20"
"2019/11/17 05:40","2","2","20"
"2019/11/17 06:00","4","10","20"
"2019/11/17 06:20","7","7","20"
"2019/11/17 06:41","3","3","20"
"2019/11/17 07:01","2","2","20"
"2019/11/17 07:21","5","5","20"
"2019/11/17 07:41","3","3","20"
"2019/11/17 08:01","8","8","21"
"2019/11/17 08:21","4","4","21"
"2019/11/17 08:41","4","4","21"
"2019/11/17 09:01","4","4","21"
"2019/11/17 09:21","5","9","22"
"2019/11/17 09:42","2","2","22"
"2019/11/17 10:03","2","2","23"
"2019/11/17 10:22","2","2","23"
"2019/11/17 10:43","4","4","23"
"2019/11/17 11:03","5","5","24"
"2019/11/17 11:23","4","4","24"
"2019/11/17 11:43","8","8","25"
"2019/11/17 12:03","4","4","25"
"2019/11/17 12:23","5","5","25"
"2019/11/17 12:43","4","4","26"
"2019/11/17 13:03","4","4","26"
"2019/11/17 13:24","6","6","26"
"2019/11/17 13:44","7","13","27"
"2019/11/17 14:04","3","3","26"
"2019/11/17 14:24","3","3","26"
"2019/11/17 14:44","1","7","26"
"2019/11/17 15:04","8","8","26"
"2019/11/17 15:24","6","6","26"
"2019/11/17 15:44","424","469","25"
"2019/11/17 16:04","11","11","25"
"2019/11/17 16:24","8","8","25"
"2019/11/17 16:45","7","10","25"
"2019/11/17 17:05","11","11","24"
"2019/11/17 17:25","5","5","24"
"2019/11/17 17:45","26","26","23"
"2019/11/17 18:05","11","11","23"
"2019/11/17 18:25","16","16","22"
"2019/11/17 18:45","7","7","23"
"2019/11/17 19:05","13","13","22"
"2019/11/17 19:25","7","14","22"
"2019/11/17 19:45","17","22","22"
"2019/11/17 20:06","12","12","22"
"2019/11/17 20:26","1","1","22"
"2019/11/17 20:46","13","19","22"
"2019/11/17 21:06","9","9","22"
"2019/11/17 21:26","11","11","21"
"2019/11/17 21:46","6","6","21"
"2019/11/17 22:06","7","7","21"
"2019/11/17 22:26","6","6","21"
"2019/11/17 22:46","6","6","21"
"2019/11/17 23:07","5","5","21"
"2019/11/17 23:27","5","5","20"
"2019/11/17 23:47","7","7","20"
"2019/11/18 00:07","3","3","20"
"2019/11/18 00:27","8","8","20"
"2019/11/18 00:47","4","4","20"
"2019/11/18 01:07","6","12","20"
"2019/11/18 01:27","5","5","20"
"2019/11/18 01:47","3","3","20"
"2019/11/18 02:07","6","6","19"
"2019/11/18 02:28","4","4","19"
"2019/11/18 02:48","10","10","19"
"2019/11/18 03:08","4","4","19"
"2019/11/18 03:28","5","5","19"
"2019/11/18 03:48","5","5","19"
"2019/11/18 04:08","12","12","19"
"2019/11/18 04:28","3","3","19"
"2019/11/18 04:49","8","8","19"
"2019/11/18 05:09","11","11","19"
"2019/11/18 05:29","11","11","18"
"2019/11/18 05:49","6","6","18"
"2019/11/18 06:09","10","10","18"
"2019/11/18 06:29","9","9","19"
"2019/11/18 06:49","8","16","19"
"2019/11/18 07:09","9","10","19"
"2019/11/18 07:29","5","10","19"
"2019/11/18 07:50","6","6","20"
"2019/11/18 08:10","6","6","20"
"2019/11/18 08:30","2","2","20"
"2019/11/18 08:50","6","6","20"
"2019/11/18 09:10","5","5","21"
"2019/11/18 09:30","9","9","21"
"2019/11/18 09:50","12","13","21"
"2019/11/18 10:10","14","14","22"
"2019/11/18 10:30","7","7","22"
"2019/11/18 10:51","4","4","23"
"2019/11/18 11:11","9","9","23"
"2019/11/18 11:32","13","13","24"
"2019/11/18 11:52","9","9","24"
"2019/11/18 12:13","8","8","24"
"2019/11/18 12:33","4","10","25"
"2019/11/18 12:53","6","12","25"
"2019/11/18 13:14","6","6","26"
"2019/11/18 13:34","12","12","26"
"2019/11/18 13:54","8","8","26"
"2019/11/18 14:14","2","2","26"
"2019/11/18 14:34","7","7","26"
"2019/11/18 14:55","5","5","26"
"2019/11/18 15:15","8","8","25"
"2019/11/18 15:35","6","6","25"
"2019/11/18 15:55","8","8","25"
"2019/11/18 16:15","14","14","25"
"2019/11/18 16:17","8","8","25"
"2019/11/18 16:37","10","10","24"
"2019/11/18 16:57","30","32","24"
"2019/11/18 17:17","28","28","23"
"2019/11/18 17:37","30","33","22"
"2019/11/18 17:57","16","16","22"
"2019/11/18 18:17","13","13","21"
"2019/11/18 18:37","16","21","21"
"2019/11/18 18:57","19","19","21"
"2019/11/18 19:17","25","31","21"
"2019/11/18 19:38","30","30","21"
"2019/11/18 19:58","18","22","21"
"2019/11/18 20:18","20","20","21"
"2019/11/18 20:38","13","13","21"
"2019/11/18 20:58","18","18","21"
"2019/11/18 21:18","20","20","21"
"2019/11/18 21:38","21","27","21"
"2019/11/18 21:58","18","18","20"
"2019/11/18 22:19","16","16","20"
"2019/11/18 22:39","19","20","20"
"2019/11/18 22:59","11","11","20"
"2019/11/18 23:19","17","17","20"
"2019/11/18 23:39","11","17","20"
"2019/11/18 23:59","19","19","20"
"2019/11/19 00:19","10","10","20"
"2019/11/19 00:39","7","12","20"
"2019/11/19 00:59","19","19","19"
"2019/11/19 01:20","11","11","19"
"2019/11/19 01:40","6","6","19"
"2019/11/19 02:00","8","14","19"
"2019/11/19 02:20","10","10","19"
"2019/11/19 02:40","14","14","19"
"2019/11/19 03:00","8","8","19"
"2019/11/19 03:20","11","11","19"
"2019/11/19 03:40","11","11","19"
"2019/11/19 04:00","12","12","19"
"2019/11/19 04:21","15","15","19"
"2019/11/19 04:41","14","14","19"
"2019/11/19 05:01","13","13","19"
"2019/11/19 05:21","22","22","18"
"2019/11/19 05:41","19","19","19"
"2019/11/19 06:01","18","18","19"
"2019/11/19 06:21","26","26","19"
"2019/11/19 06:41","23","29","19"
"2019/11/19 07:01","23","23","19"
"2019/11/19 07:22","18","18","19"
"2019/11/19 07:42","18","18","19"
"2019/11/19 08:02","10","10","20"
"2019/11/19 08:22","17","17","20"
"2019/11/19 08:42","17","17","20"
"2019/11/19 09:02","14","14","20"
"2019/11/19 09:22","18","36","21"
"2019/11/19 09:42","15","15","21"
"2019/11/19 10:03","19","19","22"
"2019/11/19 10:23","23","23","22"
"2019/11/19 10:43","30","34","23"
"2019/11/19 11:03","30","35","23"
"2019/11/19 11:23","15","15","23"
"2019/11/19 11:43","21","24","24"
"2019/11/19 12:03","34","37","24"
"2019/11/19 12:23","17","17","24"
"2019/11/19 12:43","22","22","24"
"2019/11/19 13:04","18","18","24"
"2019/11/19 13:24","22","22","24"
"2019/11/19 13:44","23","23","24"
"2019/11/19 14:04","31","32","24"
"2019/11/19 14:24","30","37","24"
"2019/11/19 14:44","27","27","24"
"2019/11/19 15:04","24","24","24"
"2019/11/19 15:24","25","25","23"
"2019/11/19 15:45","30","30","23"
"2019/11/19 16:05","19","19","23"
"2019/11/19 16:25","12","12","23"
"2019/11/19 16:45","31","32","23"
"2019/11/19 17:05","25","25","23"
"2019/11/19 17:25","26","26","22"
"2019/11/19 17:45","28","33","21"
"2019/11/19 18:05","35","41","21"
"2019/11/19 18:25","30","31","21"
"2019/11/19 18:46","36","40","21"
"2019/11/19 19:06","26","26","21"
"2019/11/19 19:26","36","41","21"
"2019/11/19 19:46","40","49","21"
"2019/11/19 20:06","26","26","21"
"2019/11/19 20:26","43","50","21"
"2019/11/19 20:46","31","32","21"
"2019/11/19 21:06","22","22","21"
"2019/11/19 21:27","22","22","21"
"2019/11/19 21:47","30","31","21"
"2019/11/19 22:07","25","31","20"
"2019/11/19 22:27","23","26","20"
"2019/11/19 22:47","20","20","20"
"2019/11/19 23:07","31","35","20"
"2019/11/19 23:27","18","23","20"
"2019/11/19 23:47","27","29","20"
"2019/11/20 00:08","21","21","20"
"2019/11/20 00:28","29","29","20"
"2019/11/20 00:48","22","27","20"
"2019/11/20 01:08","21","27","20"
"2019/11/20 01:28","23","28","20"
"2019/11/20 01:48","26","26","20"
"2019/11/20 02:08","24","24","19"
"2019/11/20 02:28","25","25","19"
"2019/11/20 02:48","29","32","19"
"2019/11/20 03:09","28","28","19"
"2019/11/20 03:29","24","24","19"
"2019/11/20 03:49","20","20","19"
"2019/11/20 04:09","23","27","19"
"2019/11/20 04:29","12","12","19"
"2019/11/20 04:49","22","22","18"
"2019/11/20 05:09","25","25","18"
"2019/11/20 05:29","22","22","18"
"2019/11/20 05:49","31","33","18"
"2019/11/20 06:10","34","40","18"
"2019/11/20 06:30","31","38","18"
"2019/11/20 06:50","22","22","18"
"2019/11/20 07:10","23","23","19"
"2019/11/20 07:30","18","18","19"
"2019/11/20 07:50","27","32","19"
"2019/11/20 08:10","30","36","19"
"2019/11/20 08:30","34","37","20"
"2019/11/20 08:51","17","17","20"
"2019/11/20 09:11","27","27","20"
"2019/11/20 09:31","26","26","21"
"2019/11/20 09:51","20","25","21"
"2019/11/20 10:11","20","20","21"
"2019/11/20 10:31","26","26","22"
"2019/11/20 10:52","18","18","22"
"2019/11/20 11:12","21","21","23"
"2019/11/20 11:32","19","19","23"
"2019/11/20 11:52","28","33","23"
"2019/11/20 12:12","22","22","24"
"2019/11/20 12:33","22","22","24"
"2019/11/20 12:53","14","14","25"
"2019/11/20 13:13","16","16","25"
"2019/11/20 13:33","27","27","25"
"2019/11/20 13:54","22","25","25"
"2019/11/20 14:14","10","14","25"
"2019/11/20 14:34","22","22","25"
"2019/11/20 14:54","18","18","25"
"2019/11/20 15:14","29","29","25"
"2019/11/20 15:34","18","18","24"
"2019/11/20 15:54","22","23","24"
"2019/11/20 16:14","23","23","24"
"2019/11/20 16:35","19","19","24"
"2019/11/20 16:55","30","35","23"
"2019/11/20 17:15","42","53","23"
"2019/11/20 17:36","30","31","22"
"2019/11/20 17:56","39","45","22"
"2019/11/20 18:16","42","49","21"
"2019/11/20 18:36","38","43","21"
"2019/11/20 18:56","41","47","21"
"2019/11/20 19:16","41","48","21"
"2019/11/20 19:36","39","49","21"
"2019/11/20 19:56","33","36","21"
"2019/11/20 20:16","33","36","21"
"2019/11/20 20:36","40","50","21"
"2019/11/20 20:57","27","27","21"
"2019/11/20 21:17","42","50","21"
"2019/11/20 21:37","35","42","21"
"2019/11/20 21:57","43","53","21"
"2019/11/20 22:17","30","30","21"
"2019/11/20 22:37","33","36","21"
"2019/11/20 22:57","35","39","21"
"2019/11/20 23:17","37","44","21"
"2019/11/20 23:37","26","26","21"
"2019/11/20 23:58","35","38","21"
"2019/11/21 00:18","32","39","21"
"2019/11/21 00:38","16","22","20"
"2019/11/21 00:58","34","37","20"
"2019/11/21 01:18","33","36","20"
"2019/11/21 01:38","17","17","20"
"2019/11/21 01:58","16","16","20"
"2019/11/21 02:18","27","39","20"
"2019/11/21 02:38","26","32","20"
"2019/11/21 02:59","23","23","20"
"2019/11/21 03:19","25","25","20"
"2019/11/21 03:39","16","16","19"
"2019/11/21 03:59","28","31","19"
"2019/11/21 04:19","28","28","19"
"2019/11/21 04:39","30","31","19"
"2019/11/21 04:59","29","29","19"
"2019/11/21 05:19","31","32","19"
"2019/11/21 05:39","30","30","19"
"2019/11/21 06:00","32","40","19"
"2019/11/21 06:20","34","37","19"
"2019/11/21 06:40","30","39","19"
"2019/11/21 07:00","33","36","19"
"2019/11/21 07:20","30","30","19"
"2019/11/21 07:40","36","45","20"
"2019/11/21 08:00","24","24","20"
"2019/11/21 08:20","18","21","20"
"2019/11/21 08:41","22","22","20"
"2019/11/21 09:01","25","25","21"
"2019/11/21 09:21","22","22","21"
"2019/11/21 09:41","39","47","21"
"2019/11/21 10:01","30","31","22"
"2019/11/21 10:21","29","29","22"
"2019/11/21 10:41","34","43","23"
"2019/11/21 11:01","24","24","23"
"2019/11/21 11:21","32","34","24"
"2019/11/21 11:42","33","35","24"
"2019/11/21 12:02","23","23","24"
"2019/11/21 12:22","12","12","25"
"2019/11/21 12:42","30","31","25"
"2019/11/21 13:02","16","19","25"
"2019/11/21 13:22","21","37","25"
"2019/11/21 13:42","26","26","25"
"2019/11/21 14:02","27","29","25"
"2019/11/21 14:23","32","33","25"
"2019/11/21 14:43","31","32","25"
"2019/11/21 15:03","26","26","25"
"2019/11/21 15:23","29","29","25"
"2019/11/21 15:43","37","42","24"
"2019/11/21 16:03","27","27","24"
"2019/11/21 16:23","33","36","24"
"2019/11/21 16:43","31","40","24"
"2019/11/21 17:03","33","35","24"
"2019/11/21 17:25","36","40","23"
"2019/11/21 17:44","44","52","22"
"2019/11/21 18:04","39","47","22"
"2019/11/21 18:25","44","52","21"
"2019/11/21 18:45","48","62","21"
"2019/11/21 19:05","37","42","22"
"2019/11/21 19:25","48","61","22"
"2019/11/21 19:45","44","52","22"
"2019/11/21 20:05","47","56","22"
"2019/11/21 20:25","43","52","21"
"2019/11/21 20:45","38","44","21"
"2019/11/21 21:05","47","59","21"
"2019/11/21 21:26","50","67","21"
"2019/11/21 21:46","38","47","20"
"2019/11/21 22:06","38","45","21"
"2019/11/21 22:26","30","31","21"
"2019/11/21 22:46","39","45","21"
"2019/11/21 23:06","30","30","21"
"2019/11/21 23:26","27","27","21"
"2019/11/21 23:46","24","24","22"
"2019/11/22 00:07","31","34","21"
"2019/11/22 00:27","30","32","21"
"2019/11/22 00:47","24","24","21"
"2019/11/22 01:07","29","29","21"
"2019/11/22 01:27","33","35","21"
"2019/11/22 01:47","35","38","21"
"2019/11/22 02:07","32","34","21"
"2019/11/22 02:27","32","41","21"
"2019/11/22 02:47","33","40","21"
"2019/11/22 03:08","29","29","21"
"2019/11/22 03:28","14","30","21"
"2019/11/22 03:48","22","22","21"
"2019/11/22 04:08","31","33","21"
"2019/11/22 04:28","21","26","21"
"2019/11/22 04:48","24","30","21"
"2019/11/22 05:08","21","21","20"
"2019/11/22 05:28","26","26","20"
"2019/11/22 05:48","32","33","20"
"2019/11/22 06:09","27","27","20"
"2019/11/22 06:29","25","25","20"
"2019/11/22 06:49","29","29","20"
"2019/11/22 07:09","33","35","21"
"2019/11/22 07:29","33","35","21"
"2019/11/22 07:49","22","25","21"
"2019/11/22 08:09","25","25","21"
"2019/11/22 08:29","22","22","22"
"2019/11/22 08:50","16","16","22"
"2019/11/22 09:10","26","32","22"
"2019/11/22 09:30","17","17","22"
"2019/11/22 09:50","23","23","23"
"2019/11/22 10:10","36","45","23"
"2019/11/22 10:30","32","34","23"
"2019/11/22 10:50","30","30","23"
"2019/11/22 11:10","30","30","23"
"2019/11/22 11:31","21","21","24"
"2019/11/22 11:51","16","16","24"
"2019/11/22 12:11","22","28","25"
"2019/11/22 12:31","11","11","25"
"2019/11/22 12:51","21","21","25"
"2019/11/22 13:11","29","34","26"
"2019/11/22 13:31","33","36","25"
"2019/11/22 13:51","37","42","25"
"2019/11/22 14:11","32","34","25"
"2019/11/22 14:31","38","45","26"
"2019/11/22 14:52","31","35","25"
"2019/11/22 15:12","24","24","24"
"2019/11/22 15:32","35","39","25"
"2019/11/22 15:52","30","30","24"
"2019/11/22 16:12","27","27","24"
"2019/11/22 16:32","33","35","23"
"2019/11/22 16:52","38","43","23"
"2019/11/22 17:12","35","42","23"
"2019/11/22 17:32","44","54","22"
"2019/11/22 17:53","36","41","22"
"2019/11/22 18:13","45","56","22"
"2019/11/22 18:33","41","64","22"
"2019/11/22 18:53","30","30","22"
"2019/11/22 19:13","36","41","21"
"2019/11/22 19:33","36","50","22"
"2019/11/22 19:53","35","38","21"
"2019/11/22 20:13","42","49","21"
"2019/11/22 20:33","39","45","22"
"2019/11/22 20:54","46","56","22"
"2019/11/22 21:14","43","52","22"
"2019/11/22 21:34","34","42","22"
"2019/11/22 21:54","38","44","22"
"2019/11/22 22:14","31","36","21"
"2019/11/22 22:34","44","53","21"
"2019/11/22 22:54","44","53","21"
"2019/11/22 23:15","40","49","22"
"2019/11/22 23:35","39","45","21"
"2019/11/22 23:55","43","50","21"
"2019/11/23 00:15","50","62","21"
"2019/11/23 00:56","40","47","21"
"2019/11/23 01:16","40","47","21"
"2019/11/23 01:36","39","50","21"
"2019/11/23 01:56","40","46","20"
"2019/11/23 02:16","39","53","21"
"2019/11/23 02:36","42","49","21"
"2019/11/23 02:56","40","47","21"
"2019/11/23 03:17","41","57","21"
"2019/11/23 03:37","46","55","21"
"2019/11/23 03:57","42","49","21"
"2019/11/23 04:17","27","32","21"
"2019/11/23 04:37","37","47","21"
"2019/11/23 04:57","27","27","21"
"2019/11/23 05:17","34","37","20"
"2019/11/23 05:37","40","58","20"
"2019/11/23 05:57","39","49","20"
"2019/11/23 06:18","43","50","21"
"2019/11/23 06:38","41","53","21"
"2019/11/23 06:58","43","53","21"
"2019/11/23 07:18","28","28","21"
"2019/11/23 07:38","25","25","21"
"2019/11/23 07:58","30","31","21"
"2019/11/23 08:18","33","35","22"
"2019/11/23 08:38","28","40","22"
"2019/11/23 08:58","33","38","22"
"2019/11/23 09:19","27","35","23"
"2019/11/23 09:39","24","24","23"
"2019/11/23 09:59","30","31","23"
"2019/11/23 10:19","36","45","23"
"2019/11/23 10:39","32","37","23"
"2019/11/23 10:59","42","49","23"
"2019/11/23 11:19","24","24","24"
"2019/11/23 11:39","25","30","24"
"2019/11/23 11:59","30","31","24"
"2019/11/23 12:20","26","26","25"
"2019/11/23 12:40","14","14","24"
"2019/11/23 13:00","26","28","25"
"2019/11/23 13:20","31","32","26"
"2019/11/23 13:40","30","30","25"
"2019/11/23 14:00","23","23","25"
"2019/11/23 14:20","47","58","25"
"2019/11/23 14:40","53","66","25"
"2019/11/23 15:00","47","59","25"
"2019/11/23 15:21","57","69","25"
"2019/11/23 15:41","51","62","25"
"2019/11/23 16:01","51","62","24"
"2019/11/23 16:21","54","65","24"
"2019/11/23 16:41","47","56","23"
"2019/11/23 17:01","52","63","23"
"2019/11/23 17:21","48","63","23"
"2019/11/23 17:41","55","68","23"
"2019/11/23 18:01","52","63","22"
"2019/11/23 18:21","49","58","22"
"2019/11/23 18:42","66","73","22"
"2019/11/23 19:02","51","63","22"
"2019/11/23 19:22","54","67","22"
"2019/11/23 19:42","60","70","22"
"2019/11/23 20:02","58","71","22"
"2019/11/23 20:22","55","74","22"
"2019/11/23 20:42","38","44","22"
"2019/11/23 21:02","48","57","22"
"2019/11/23 21:22","41","68","22"
"2019/11/23 21:43","48","61","22"
"2019/11/23 22:03","29","29","21"
"2019/11/23 22:23","35","39","22"
"2019/11/23 22:43","41","47","21"
"2019/11/23 23:03","48","60","21"
"2019/11/23 23:23","44","52","22"
"2019/11/23 23:43","46","57","22"
"2019/11/24 00:03","47","56","21"
"2019/11/24 00:23","34","37","22"
"2019/11/24 00:44","48","57","21"
"2019/11/24 01:04","53","71","21"
"2019/11/24 01:24","50","61","22"
"2019/11/24 01:44","53","64","21"
"2019/11/24 02:04","51","64","21"
"2019/11/24 02:24","50","60","21"
"2019/11/24 02:44","46","55","21"
"2019/11/24 03:04","29","35","21"
"2019/11/24 03:24","30","36","21"
"2019/11/24 03:44","21","21","20"
"2019/11/24 04:05","23","23","20"
"2019/11/24 04:25","14","20","20"
"2019/11/24 04:45","13","13","20"
"2019/11/24 05:05","9","14","19"
"2019/11/24 05:25","10","10","20"
"2019/11/24 05:45","15","15","20"
"2019/11/24 06:05","16","16","20"
"2019/11/24 06:25","19","19","20"
"2019/11/24 06:45","21","21","20"
"2019/11/24 07:06","10","10","20"
"2019/11/24 07:26","22","22","20"
"2019/11/24 07:46","4","4","21"
"2019/11/24 08:06","13","13","21"
"2019/11/24 08:26","6","6","21"
"2019/11/24 08:46","12","12","21"
"2019/11/24 09:06","17","17","22"
"2019/11/24 09:26","11","11","22"
"2019/11/24 09:46","16","16","22"
"2019/11/24 10:07","13","13","23"
"2019/11/24 10:27","7","7","23"
"2019/11/24 10:47","5","5","24"
"2019/11/24 11:07","9","9","24"
"2019/11/24 11:27","11","17","25"
"2019/11/24 11:47","6","6","25"
"2019/11/24 12:07","8","8","25"
"2019/11/24 12:27","0","0","25"
"2019/11/24 12:48","8","8","25"
"2019/11/24 13:08","8","8","25"
"2019/11/24 13:28","6","6","25"
"2019/11/24 13:48","8","8","25"
"2019/11/24 14:08","7","7","25"
"2019/11/24 14:28","6","9","25"
"2019/11/24 14:48","1","1","25"
"2019/11/24 15:08","10","10","25"
"2019/11/24 15:28","15","15","25"
"2019/11/24 15:49","157","161","24"
"2019/11/24 16:09","1051","1439","24"
"2019/11/24 16:29","1392","2333","24"
"2019/11/24 16:49","161","177","24"
"2019/11/24 17:09","44","52","24"
"2019/11/24 17:29","29","34","23"
"2019/11/24 17:49","13","19","23"
"2019/11/24 18:09","20","20","23"
"2019/11/24 18:29","15","15","23"
"2019/11/24 18:49","33","46","23"
"2019/11/24 19:10","32","39","22"
"2019/11/24 19:30","33","36","22"
"2019/11/24 19:50","32","39","22"
"2019/11/24 20:10","29","31","22"
"2019/11/24 20:30","15","15","22"
"2019/11/24 20:50","10","10","21"
"2019/11/24 21:10","14","14","22"
"2019/11/24 21:30","8","8","21"
"2019/11/24 21:51","6","6","21"
"2019/11/24 22:11","10","10","21"
"2019/11/24 22:31","12","12","21"
"2019/11/24 22:51","12","22","21"
"2019/11/24 23:11","11","11","21"
"2019/11/24 23:31","9","10","21"
"2019/11/24 23:51","7","7","21"
"2019/11/25 00:11","5","5","21"
"2019/11/25 00:31","4","4","20"
"2019/11/25 00:52","5","5","21"
"2019/11/25 01:12","3","3","21"
"2019/11/25 01:32","5","5","20"
"2019/11/25 01:52","7","7","20"
"2019/11/25 02:12","3","3","20"
"2019/11/25 02:32","5","5","20"
"2019/11/25 02:52","2","2","20"
"2019/11/25 03:12","6","12","20"
"2019/11/25 03:32","8","8","20"
"2019/11/25 03:53","7","7","20"
"2019/11/25 04:13","6","6","20"
"2019/11/25 04:33","3","3","20"
"2019/11/25 04:53","3","3","20"
"2019/11/25 05:13","4","4","20"
"2019/11/25 05:33","6","6","20"
"2019/11/25 05:53","8","8","20"
"2019/11/25 06:13","7","7","20"
"2019/11/25 06:34","0","0","20"
"2019/11/25 06:54","7","7","20"
"2019/11/25 07:14","6","6","20"
"2019/11/25 07:34","14","14","21"
"2019/11/25 07:54","4","4","21"
"2019/11/25 08:14","5","5","21"
"2019/11/25 08:34","10","10","22"
"2019/11/25 08:54","5","5","22"
"2019/11/25 09:15","9","9","22"
"2019/11/25 09:35","5","5","23"
"2019/11/25 09:55","13","13","23"
"2019/11/25 10:15","11","14","24"
"2019/11/25 10:35","10","10","24"
"2019/11/25 10:55","4","4","25"
"2019/11/25 11:16","4","7","25"
"2019/11/25 11:36","7","7","25"
"2019/11/25 11:56","5","5","25"
"2019/11/25 12:16","4","4","26"
"2019/11/25 12:37","6","6","26"
"2019/11/25 12:57","5","5","26"
"2019/11/25 13:17","6","6","26"
"2019/11/25 13:37","6","6","25"
"2019/11/25 13:57","17","17","26"
"2019/11/25 14:17","5","5","26"
"2019/11/25 14:38","1","1","27"
"2019/11/25 14:58","11","11","26"
"2019/11/25 15:18","9","9","26"
"2019/11/25 15:38","7","7","26"
"2019/11/25 15:59","12","12","25"
"2019/11/25 16:19","10","10","25"
"2019/11/25 16:39","26","26","25"
"2019/11/25 16:59","34","37","24"
"2019/11/25 17:19","24","24","23"
"2019/11/25 17:39","30","31","23"
"2019/11/25 17:59","23","23","22"
"2019/11/25 18:19","24","28","22"
"2019/11/25 18:41","29","29","22"
"2019/11/25 19:00","25","25","22"
"2019/11/25 19:21","27","30","21"
"2019/11/25 19:41","30","30","22"
"2019/11/25 20:01","23","27","22"
"2019/11/25 20:21","27","27","22"
"2019/11/25 20:41","24","24","22"
"2019/11/25 21:01","19","19","22"
"2019/11/25 21:21","24","24","22"
"2019/11/25 21:41","36","40","21"
"2019/11/25 22:02","22","22","21"
"2019/11/25 22:22","27","27","21"
"2019/11/25 22:42","25","25","22"
"2019/11/25 23:02","21","21","22"
"2019/11/25 23:22","27","41","22"
"2019/11/25 23:42","30","30","22"
"2019/11/26 00:02","25","25","22"
"2019/11/26 00:22","16","16","22"
"2019/11/26 00:43","22","22","22"
"2019/11/26 01:03","21","21","21"
"2019/11/26 01:23","20","20","21"
"2019/11/26 01:43","17","17","21"
"2019/11/26 02:03","20","20","21"
"2019/11/26 02:23","10","10","21"
"2019/11/26 02:43","19","22","21"
"2019/11/26 03:03","15","15","21"
"2019/11/26 03:23","22","25","21"
"2019/11/26 03:44","18","18","20"
"2019/11/26 04:04","11","11","20"
"2019/11/26 04:24","14","14","20"
"2019/11/26 04:44","18","23","20"
"2019/11/26 05:04","13","13","20"
"2019/11/26 05:24","19","22","20"
"2019/11/26 05:44","21","21","20"
"2019/11/26 06:04","20","20","20"
"2019/11/26 06:24","27","27","20"
"2019/11/26 06:45","31","33","20"
"2019/11/26 07:05","24","24","20"
"2019/11/26 07:25","25","25","21"
"2019/11/26 07:45","19","19","21"
"2019/11/26 08:06","13","18","21"
"2019/11/26 08:26","12","15","21"
"2019/11/26 08:46","16","21","22"
"2019/11/26 09:06","29","29","22"
"2019/11/26 09:26","25","26","23"
"2019/11/26 09:47","25","25","23"
"2019/11/26 10:07","19","19","23"
"2019/11/26 10:28","10","10","24"
"2019/11/26 10:48","6","6","24"
"2019/11/26 11:08","9","9","24"
"2019/11/26 11:28","7","7","25"
"2019/11/26 11:48","10","10","25"
"2019/11/26 12:08","14","14","25"
"2019/11/26 12:29","6","6","26"
